{
    "p50_us": 3.3750002330634743,
    "p95_us": 4.958998033544049,
    "p99_us": 5.333000444807112,
    "mean_us": 3.5605011966254096,
    "std_us": 1.6679721477381382,
    "n_trials": 10000
}