config,max_stable_lambda_events_per_sec,rho_at_empirical_lambda,mu_raw_events_per_sec,mu_eff_events_per_sec
Fixed EMA + Shedding,346155.8561108648,2.4138972626780885e-05,199833.22318755786,358895.8749776542
Load-Adaptive EMA + Shedding,346155.8561108648,2.416265974301199e-05,199637.32286719477,358544.04250573774
Fixed EMA,179737.04383313784,4.333500926335681e-05,199916.36898704307,199916.36898704307
KAMA,179737.04383313784,4.3372803682130595e-05,199742.16482388577,199742.16482388577
Butterworth,179737.04383313784,4.346936439028149e-05,199298.467402644,199298.467402644
Load-Adaptive EMA,179737.04383313784,4.335865335429687e-05,199807.3517449689,199807.3517449689
Load-Adaptive EMA (Bandwidth-Matched),179737.04383313784,4.335861740106867e-05,199807.5174264353,199807.5174264353
