config,max_stable_lambda_events_per_sec,rho_at_empirical_lambda,mu_raw_events_per_sec,mu_eff_events_per_sec
Fixed EMA + Shedding,346050.13125413697,2.414649962299021e-05,199770.93076683788,358783.9992220508
Load-Adaptive EMA + Shedding,346050.13125413697,2.415604684086642e-05,199691.97510766363,358642.1966732465
Fixed EMA,179685.54270084333,4.333591197973652e-05,199912.20459375787,199912.20459375787
KAMA,179685.54270084333,4.3374030854529694e-05,199736.5135605197,199736.5135605197
Butterworth,179685.54270084333,4.3455484799002066e-05,199362.12291777538,199362.12291777538
Load-Adaptive EMA,179685.54270084333,4.3358707502001694e-05,199807.10221932278,199807.10221932278
