pearson_r,pearson_p,threshold_75th,fp_rate_high_adaptation,fp_rate_low_adaptation
-0.034307827843947494,1.6732572147427336e-14,1.3661800157493964e-05,83.72892453756752,95.07042253521126
